{"cameraMode":{"drawMode":0,"name":"Shaded","section":"Shading Mode"},"sceneLighting":true,"audioPlay":false,"sceneViewState":{"showFog":true,"showMaterialUpdate":false,"showSkybox":true,"showFlares":true,"showImageEffects":true,"showParticleSystems":true},"in2DMode":false,"pivot":{"x":-397.6712646484375,"y":-107.58562469482422,"z":-889.4559326171875},"rotation":{"x":0.03232443332672119,"y":-0.9324160814285278,"z":0.08611072599887848,"w":0.3496967554092407},"size":765.9343872070313,"orthographic":false}