{"cameraMode":{"drawMode":0,"name":"Shaded","section":"Shading Mode"},"sceneLighting":true,"audioPlay":false,"sceneViewState":{"showFog":true,"showMaterialUpdate":false,"showSkybox":true,"showFlares":true,"showImageEffects":true,"showParticleSystems":true},"in2DMode":false,"pivot":{"x":83.45709228515625,"y":20.608612060546876,"z":-79.68423461914063},"rotation":{"x":-0.14758512377738954,"y":0.6962714791297913,"z":-0.14972102642059327,"w":-0.6863169074058533},"size":407.5171813964844,"orthographic":false}